Pocketgamer,Androidpit,Gameskinny,Redbytes,Gamezebo,Android Authority,Gameka,148apps
Assassins Creed Rebellion,The elder scrolls: blades,Durango,Altos Odyssey,Age of Magic,C&C Rivals,Altos Odyssey,Brawl Stars
Badland Brawl,Warhammer age of sigmar,Marvel Strike Force,Assassins Creed Rebellion,Final Space AR,Elder Scrolls: Blades,Assassins Creed Rebellion,Donut County
Brawl Stars,Idola Phantasy star saga,Runescape Mobile,Durango,Fishing Strike,Brawl Stars,Badland Brawl,Harry Potter Hogwarts Mystery
Exiles of Embermark,H1Z1,Payday crime war,Marvel Strike Force,Battle Bombers Arena,Project Cars Go,Brawl Stars,Altos Odyssey
Harry Potter Hogwarts mystery,Shadowgun Wargames,Tekken,Badland Brawl,Best Fiends Rivals,Asassins Creed Rebellion,Harry Potter Hogwarts Mystery,The Room old sins
Lichtspeer,Reigns Game of Thrones,XFiles deep state,Brawl Stars,Hungry Dragon,Oddmar,,
Royal Blood,Life is Strange Before the storm,World of Warships blitz,Royal Blood,MapleStory Blitz,Harry Potter Wizards Unite,,
The Sims Mobile,Blade runner 2049,Harry Potter Wizards Unite,The walking dead:our world,Flick Arena,Levelhead,,
Sky: Light awaits,Frag,,XFiles deep state,Galak-Z Variant,Payday Crime War,,
The walking dead:our world,C&C Rivals,,,Diamond Diaries Saga,F1 Mobile Racing,,
,Dragalia Lost,,,Cartoon Squad,,,
,Runescape Mobile,,,Brick Wizard,,,
,,,,Go Boom,,,
,,,,Last day Alive,,,
,,,,Star Wars Rivals,,,